Date,Open,High,Low,Close,Adj Close,Volume
2024-01-01,2282.870361328125,2352.327880859375,2267.01806640625,2352.327880859375,2352.327880859375,6906765990
2024-01-02,2352.593505859375,2431.21240234375,2348.892333984375,2355.83642578125,2355.83642578125,12910543630
2024-01-03,2355.9814453125,2385.11767578125,2113.92529296875,2210.761962890625,2210.761962890625,19332933581
2024-01-04,2210.529052734375,2294.608154296875,2204.86572265625,2269.0380859375,2269.0380859375,11044564896
2024-01-05,2269.409423828125,2276.7646484375,2209.537109375,2268.647216796875,2268.647216796875,10860953290
2024-01-06,2269.5400390625,2271.359375,2219.781982421875,2241.624755859375,2241.624755859375,5970741680
2024-01-07,2242.0126953125,2257.1279296875,2211.5625,2222.865966796875,2222.865966796875,6490053615
2024-01-08,2222.857666015625,2358.815673828125,2171.99365234375,2333.03271484375,2333.03271484375,13830287095
2024-01-09,2332.8681640625,2369.6416015625,2243.21923828125,2344.8271484375,2344.8271484375,14891130716
2024-01-10,2344.923583984375,2626.976806640625,2341.943115234375,2582.103515625,2582.103515625,29042100476
2024-01-11,2584.171630859375,2687.779052734375,2567.99365234375,2619.619140625,2619.619140625,22575246883
2024-01-12,2619.177001953125,2710.421875,2460.925537109375,2524.460205078125,2524.460205078125,23623839263
2024-01-13,2522.933837890625,2589.079833984375,2498.594482421875,2576.597900390625,2576.597900390625,12250316867
2024-01-14,2578.003662109375,2578.332275390625,2470.42431640625,2472.2412109375,2472.2412109375,9405587417
2024-01-15,2471.6669921875,2550.76904296875,2470.82080078125,2511.36376953125,2511.36376953125,9700630000
2024-01-16,2510.627197265625,2613.56689453125,2500.00390625,2587.691162109375,2587.691162109375,11063317095
2024-01-17,2587.044677734375,2592.737060546875,2508.432861328125,2528.369384765625,2528.369384765625,10441017520
2024-01-18,2528.59326171875,2546.263916015625,2426.135498046875,2467.018798828125,2467.018798828125,11900028080
2024-01-19,2468.68896484375,2501.30517578125,2414.7109375,2489.49853515625,2489.49853515625,11405278376
2024-01-20,2489.84765625,2489.84765625,2456.095703125,2469.589111328125,2469.589111328125,5297826161
2024-01-21,2469.798583984375,2479.760498046875,2452.377685546875,2453.9130859375,2453.9130859375,4578471955
2024-01-22,2454.9873046875,2463.447265625,2303.502685546875,2310.826416015625,2310.826416015625,13923771728
2024-01-23,2310.95166015625,2348.03125,2167.282470703125,2240.68603515625,2240.68603515625,16182147521
2024-01-24,2241.749755859375,2261.384521484375,2197.65673828125,2233.561767578125,2233.561767578125,10134722960
2024-01-25,2233.969970703125,2240.380859375,2173.6865234375,2217.710205078125,2217.710205078125,9302247037
2024-01-26,2217.44189453125,2280.3837890625,2196.14013671875,2267.19970703125,2267.19970703125,9975117607
2024-01-27,2267.3193359375,2282.54443359375,2252.38525390625,2267.885986328125,2267.885986328125,5144367230
2024-01-28,2268.19287109375,2306.898681640625,2242.683837890625,2257.208740234375,2257.208740234375,7296214994
2024-01-29,2256.995361328125,2320.02734375,2237.711669921875,2317.064208984375,2317.064208984375,8948195551
2024-01-30,2317.435791015625,2388.87060546875,2298.281982421875,2344.49365234375,2344.49365234375,10173440062
2024-01-31,2343.558837890625,2349.611328125,2264.443603515625,2282.54443359375,2282.54443359375,10807883277
2024-02-01,2282.17529296875,2309.842529296875,2243.57177734375,2303.82470703125,2303.82470703125,8895583113
2024-02-02,2303.7060546875,2323.053466796875,2282.230224609375,2308.0380859375,2308.0380859375,7186143091
2024-02-03,2307.980224609375,2327.346923828125,2293.5380859375,2296.038330078125,2296.038330078125,4647754021
2024-02-04,2296.116943359375,2309.01123046875,2272.304931640625,2289.546142578125,2289.546142578125,5438100035
2024-02-05,2289.20556640625,2334.6767578125,2270.06787109375,2298.888916015625,2298.888916015625,7277068110
2024-02-06,2298.955078125,2389.826171875,2296.78857421875,2372.201904296875,2372.201904296875,9520885493
2024-02-07,2372.2626953125,2442.63623046875,2353.7060546875,2423.7451171875,2423.7451171875,9660628536
2024-02-08,2424.080078125,2459.556640625,2414.74951171875,2419.906494140625,2419.906494140625,9941841732
2024-02-09,2419.773681640625,2522.724609375,2419.36279296875,2487.515625,2487.515625,13634203177
2024-02-10,2487.650390625,2516.7197265625,2475.857666015625,2501.228271484375,2501.228271484375,6474444159
2024-02-11,2501.1298828125,2537.67919921875,2495.21435546875,2507.570556640625,2507.570556640625,7347245813
2024-02-12,2507.578857421875,2663.8427734375,2473.81201171875,2658.115966796875,2658.115966796875,13022696866
2024-02-13,2659.586181640625,2686.455078125,2599.16943359375,2642.185302734375,2642.185302734375,18271237044
2024-02-14,2641.685302734375,2786.8935546875,2621.025390625,2777.90234375,2777.90234375,21448973822
2024-02-15,2777.601318359375,2865.845458984375,2764.010498046875,2824.37890625,2824.37890625,23734481937
2024-02-16,2825.480712890625,2858.450439453125,2760.3310546875,2803.69140625,2803.69140625,17057114638
2024-02-17,2803.73583984375,2805.128662109375,2724.386962890625,2786.672607421875,2786.672607421875,17932379943
2024-02-18,2786.709716796875,2892.843505859375,2767.9130859375,2878.998046875,2878.998046875,23355830478
2024-02-19,2881.296875,2983.37060546875,2860.263671875,2943.57470703125,2943.57470703125,15163110589
2024-02-20,2944.1064453125,3031.5244140625,2879.9033203125,3013.503662109375,3013.503662109375,20341598470
2024-02-21,3015.6533203125,3017.1904296875,2875.41845703125,2970.35546875,2970.35546875,18897136867
2024-02-22,2969.599853515625,3030.666015625,2907.109375,2971.00732421875,2971.00732421875,18058908246
2024-02-23,2970.1396484375,2991.32958984375,2906.583740234375,2921.658203125,2921.658203125,12822717059
2024-02-24,2921.962890625,3003.195068359375,2907.70068359375,2992.385986328125,2992.385986328125,10701688842
2024-02-25,2992.36669921875,3117.428955078125,2984.39306640625,3112.697265625,3112.697265625,14620450464
2024-02-26,3112.529052734375,3197.375,3037.95458984375,3178.99365234375,3178.99365234375,17504464351
2024-02-27,3178.405029296875,3287.9580078125,3167.83056640625,3244.519287109375,3244.519287109375,21090315368
2024-02-28,3243.893310546875,3485.450927734375,3201.575927734375,3385.703857421875,3385.703857421875,32885894265
2024-02-29,3386.802734375,3518.96923828125,3303.9052734375,3341.919677734375,3341.919677734375,28469171094
2024-03-01,3341.9658203125,3452.626220703125,3341.85107421875,3435.053955078125,3435.053955078125,16880101987
2024-03-02,3436.1591796875,3459.747314453125,3398.89892578125,3422.0498046875,3422.0498046875,12024340617
2024-03-03,3422.875244140625,3491.16845703125,3372.214111328125,3490.99365234375,3490.99365234375,13643324467
2024-03-04,3489.340087890625,3641.459228515625,3446.017578125,3630.433837890625,3630.433837890625,26772963830
2024-03-05,3631.928955078125,3828.15966796875,3224.119384765625,3554.964599609375,3554.964599609375,47706899137
2024-03-06,3554.06787109375,3901.434326171875,3502.802490234375,3819.226318359375,3819.226318359375,34938642613
2024-03-07,3818.31103515625,3939.593994140625,3738.685302734375,3874.34765625,3874.34765625,22457177587
2024-03-08,3874.830810546875,3998.826416015625,3828.36328125,3892.06103515625,3892.06103515625,26135487051
2024-03-09,3892.119140625,3950.396484375,3880.658935546875,3915.4189453125,3915.4189453125,11926623780
2024-03-10,3915.590576171875,3968.7236328125,3800.564453125,3881.193115234375,3881.193115234375,15783924355
2024-03-11,3881.23779296875,4087.050048828125,3745.125244140625,4066.445068359375,4066.445068359375,28806262507
2024-03-12,4066.6904296875,4092.2841796875,3831.889892578125,3980.273193359375,3980.273193359375,26917010932
2024-03-13,3980.26513671875,4083.00732421875,3936.627197265625,4006.45703125,4006.45703125,22028114691
2024-03-14,4005.7451171875,4011.102783203125,3721.78857421875,3883.140380859375,3883.140380859375,25434810823
2024-03-15,3882.85693359375,3928.775634765625,3571.774658203125,3735.22021484375,3735.22021484375,33505075433
2024-03-16,3736.10498046875,3780.89453125,3468.079345703125,3522.860107421875,3522.860107421875,20199855932
2024-03-17,3523.02978515625,3676.263427734375,3414.17236328125,3642.4130859375,3642.4130859375,19938757095
2024-03-18,3642.298828125,3642.4970703125,3456.09130859375,3517.985107421875,3517.985107421875,21162220224
2024-03-19,3518.34765625,3546.582275390625,3149.286865234375,3157.6181640625,3157.6181640625,34166976701
2024-03-20,3158.396728515625,3534.826416015625,3059.65478515625,3513.39306640625,3513.39306640625,36605316331
2024-03-21,3514.017578125,3586.905029296875,3412.22265625,3492.9912109375,3492.9912109375,22213647922
2024-03-22,3492.89794921875,3541.898193359375,3254.96923828125,3333.68798828125,3333.68798828125,20574952329
2024-03-23,3335.592529296875,3433.758056640625,3273.115478515625,3336.593994140625,3336.593994140625,13242137554
2024-03-24,3336.666015625,3470.344482421875,3301.27734375,3454.636474609375,3454.636474609375,12156660941
2024-03-25,3454.8857421875,3657.118896484375,3421.79052734375,3590.8837890625,3590.8837890625,18603921705
2024-03-26,3591.085205078125,3678.789794921875,3545.4287109375,3587.5048828125,3587.5048828125,18505553577
2024-03-27,3587.313720703125,3664.383056640625,3460.3935546875,3500.115234375,3500.115234375,18753082145
2024-03-28,3500.216064453125,3609.705322265625,3465.332275390625,3561.2939453125,3561.2939453125,16419674157
2024-03-29,3561.01171875,3583.701416015625,3475.7255859375,3511.80615234375,3511.80615234375,12712701619
2024-03-30,3511.82763671875,3566.08447265625,3489.902099609375,3507.9443359375,3507.9443359375,9389066783
2024-03-31,3507.95166015625,3655.218994140625,3507.24267578125,3647.8564453125,3647.8564453125,10499881424
2024-04-01,3647.819580078125,3648.129150390625,3418.6953125,3505.030029296875,3505.030029296875,16002098681
2024-04-02,3504.818359375,3506.962890625,3215.985107421875,3277.234619140625,3277.234619140625,22076539151
2024-04-03,3277.32421875,3368.111572265625,3205.649169921875,3311.44189453125,3311.44189453125,16010734587
2024-04-04,3311.495361328125,3443.20751953125,3253.3193359375,3330.04052734375,3330.04052734375,14476330517
2024-04-05,3330.005859375,3345.66650390625,3214.244140625,3318.88525390625,3318.88525390625,15214447092
2024-04-06,3318.86474609375,3397.592529296875,3308.9833984375,3354.183837890625,3354.183837890625,8956926798
2024-04-07,3354.2138671875,3458.50830078125,3346.11474609375,3453.49462890625,3453.49462890625,9931108526
2024-04-08,3453.498779296875,3727.616455078125,3409.51171875,3695.292724609375,3695.292724609375,19055143129
2024-04-09,3695.341796875,3724.92236328125,3455.107666015625,3505.163330078125,3505.163330078125,18279773833
2024-04-10,3505.156005859375,3561.516357421875,3415.180419921875,3543.737060546875,3543.737060546875,16872482726
2024-04-11,3543.4521484375,3616.1943359375,3477.171142578125,3505.247802734375,3505.247802734375,14076734489
